{
  "CNN Tuned": {
    "accuracy": 0.7497492477432297,
    "macro_precision": 0.7551204732682374,
    "macro_recall": 0.7516034229820918,
    "macro_f1": 0.743773348943991,
    "confusion_matrix": [
      [
        324,
        58,
        92,
        26
      ],
      [
        84,
        287,
        95,
        49
      ],
      [
        9,
        3,
        493,
        0
      ],
      [
        56,
        21,
        6,
        391
      ]
    ]
  },
  "EfficientNetB0 Tuned": {
    "accuracy": 0.8861584754262788,
    "macro_precision": 0.8865692894034278,
    "macro_recall": 0.8874301327392171,
    "macro_f1": 0.8853876199463626,
    "confusion_matrix": [
      [
        378,
        84,
        31,
        7
      ],
      [
        32,
        442,
        6,
        35
      ],
      [
        15,
        8,
        482,
        0
      ],
      [
        4,
        2,
        3,
        465
      ]
    ]
  }
}